Original Comments,Processed Comments
"SUBSCRIBE TO WIN 1 OF 1,000 iPhones Iâ€™M GIVING AWAY!

I appreciate you all so much :)

Please make sure you have an email address on your profile! We'll be reaching out from giveaway@mrbeastbusiness.com if you are selected as a winner so make sure you check your email and check spam.",subscribe win iphones im giving away appreciate much please make sure email address profile well reaching giveawaymrbeastbusinesscom selected winner make sure check email check spam
this reminds me of the movie circle (2015),reminds movie circle
Nuevo subscriptor de BoliviağŸ‡§ğŸ‡´,nuevo subscriptor de bolivia
19,
â¤â¤â¤â¤ğŸ‰ğŸ‰ğŸ‰ğŸ‰,
Meeeeeee,meeeeeee
iPhone ğŸ˜Šâ¤ğŸ¥¹,iphone 
Ğ§Ñ‘Ñ‚ Ğ½Ğµ Ğ²ĞµÑ€Ğ¸Ñ‚ÑÑ Ñ‡Ñ‚Ğ¾ Ñ‚ĞµĞ»ĞµÑ„Ğ¾Ğ½ Ğ² ĞšĞ°Ğ·Ğ°Ñ…ÑÑ‚Ğ°Ğ½ Ğ¾Ñ‚Ğ¿Ñ€Ğ°Ğ²ÑÑ‚ğŸ˜‚,Ñ‡Ñ‘Ñ‚ Ğ½Ğµ Ğ²ĞµÑ€Ğ¸Ñ‚ÑÑ Ñ‡Ñ‚Ğ¾ Ñ‚ĞµĞ»ĞµÑ„Ğ¾Ğ½ Ğ² ĞºĞ°Ğ·Ğ°Ñ…ÑÑ‚Ğ°Ğ½ Ğ¾Ñ‚Ğ¿Ñ€Ğ°Ğ²ÑÑ‚
Yo me uni mrbeast por favor regÃ¡lame ğŸ˜¢,yo uni mrbeast por favor regÃ¡lame 
Bro this is a super episode,bro super episode
â¤â¤â¤,
et tu aide Ã  faire adoptÃ© des chats?,et tu aide Ã  faire adoptÃ© de chat
And brutal ğŸ˜‚ğŸ˜‚ğŸ˜‚,brutal 
I am indian,indian
I want to do this challenge,want challenge
This vid really reminds me of the Circle movie,vid really reminds circle movie
19 will eat that money,eat money
I already subscribed,already subscribed
Yo quiero dos o solo uno,yo quiero do solo uno
Yo quiero porfavor,yo quiero porfavor
Quiero mi iPhone,quiero mi iphone
ğŸ˜¢,
Porfa mrbeast ven a PerÃº a lima gratis,porfa mrbeast ven perÃº lima gratis
ğŸ˜¢ğŸ˜¢ğŸ˜¢ğŸ˜¢ğŸ˜¢ğŸ˜¢,
Gano la peor de rodas todos  sabemos que 19 elimino a todos sin pieda,gano la peor de rodas todos sabemos que elimino todos sin pieda
JÃ¡ sou inscrita hein,jÃ¡ sou inscrita hein
â¤â¤â¤â¤,
Ya me suscribÃ­ ğŸ˜¢,ya suscribÃ­ 
thats so cool,thats cool
iphone hediye.edermisin bana â¤,iphone hediyeedermisin bana 
Ù„Ùˆ ØªØ¹Ø·ÙŠÙ†ÙŠ Ù‡Ø§ØªÙ Ù‡Ø¯ÙŠ Ù‡Ø§ØªÙÙŠ Ù…Ø²Ø¨Ù„Ø© ğŸ˜”ğŸ˜”ğŸ˜”ğŸ’”,Ù„Ùˆ ØªØ¹Ø·ÙŠÙ†ÙŠ Ù‡Ø§ØªÙ Ù‡Ø¯ÙŠ Ù‡Ø§ØªÙÙŠ Ù…Ø²Ø¨Ù„Ø© 
plis i want iphone,plis want iphone
Suscrito â¤,suscrito 
iPhone plis ğŸ˜¢ğŸ˜¢,iphone plis 
Bangladesh subscriber,bangladesh subscriber
Argentina â¤ saludos,argentina  saludos
SCARTED SKULL IS COMMING,scarted skull comming
Ù„Ù…Ø§Ø°Ø§ Ù„Ø§ ØªØ£ØªÙŠ Ø¥Ù„Ø§ ØªÙˆÙ†Ø³ ÙˆØªÙ‚Ø¯Ù… Ù„Ù†Ø§ Ø£Ù„Ø¹Ø§Ø¨ ØªØ­Ø¯ÙŠ Ù…Ø«Ù„ Ù‡Ø°ÙŠ ÙˆØ¨Ù‡Ø°Ù‡ Ø§Ù„Ø·Ø±ÙŠÙ‚Ø© Ù†ÙƒØ³Ø¨ Ø§Ù„Ù…Ø§Ù„,Ù„Ù…Ø§Ø°Ø§ Ù„Ø§ ØªØ£ØªÙŠ Ø¥Ù„Ø§ ØªÙˆÙ†Ø³ ÙˆØªÙ‚Ø¯Ù… Ù„Ù†Ø§ Ø£Ù„Ø¹Ø§Ø¨ ØªØ­Ø¯ÙŠ Ù…Ø«Ù„ Ù‡Ø°ÙŠ ÙˆØ¨Ù‡Ø°Ù‡ Ø§Ù„Ø·Ø±ÙŠÙ‚Ø© Ù†ÙƒØ³Ø¨ Ø§Ù„Ù…Ø§Ù„
5 à¦²à¦•à§à¦· à¦¨à¦¾ à§«à§¦ à¦²à¦•à§à¦· à¦¡à¦²à¦¾à¦°,à¦²à¦•à¦· à¦¨ à¦²à¦•à¦· à¦¡à¦²à¦°
Ğ•Ğ³Ğ¾Ñ€Ğ¸Ğº,ĞµĞ³Ğ¾Ñ€Ğ¸Ğº
ya me subcribi x el iphone,ya subcribi x el iphone
"ĞœĞ¸ÑÑ‚ĞµÑ€ , Ğ¿Ğ¾Ğ¼Ğ¾Ğ³Ğ¸ Ğ·Ğ°ĞºÑ€Ñ‹Ñ‚ÑŒ Ğ´Ğ¾Ğ»Ğ³Ğ¸ !!!!!!!",Ğ¼Ğ¸ÑÑ‚ĞµÑ€ Ğ¿Ğ¾Ğ¼Ğ¾Ğ³Ğ¸ Ğ·Ğ°ĞºÑ€Ñ‹Ñ‚ÑŒ Ğ´Ğ¾Ğ»Ğ³Ğ¸
Ø¨_Ø¨,Ø¨Ø¨
how odd was mrbeastb in the thomnali,odd mrbeastb thomnali
Top demais,top demais
Ğ¯ ĞºĞ¸Ğ½Ğ½Ñ 19,Ñ ĞºĞ¸Ğ½Ğ½Ñ
1k subk complit âœ”ï¸ğŸ’¯ thanks all friends,k subk complit  thanks friend
I want an iphone pls,want iphone pls
ğŸ‡®ğŸ‡³,
Aku mau iphonenya 1 buat ganti hp ku yang sudah tidak layak pakai,aku mau iphonenya buat ganti hp ku yang sudah tidak layak pakai
